,camera_id,filename,x1_pred,y1_pred,x2_pred,y2_pred,total_length_pixel,snow_depth
0,FF,FF_2024_WSCT0883.JPG,2902.936,262.53925,2893.0647,2359.4417,2096.925537109375,0
1,FF,FF_2024_WSCT1223.JPG,2914.76,439.81534,2941.4443,2789.8862,2350.222412109375,0
2,FF,FF_2024_WSCT1237.JPG,2726.6902,546.7412,2722.3555,2923.5535,2376.816162109375,0
3,FF,FF_2024_WSCT0897.JPG,3276.3086,493.5059,3281.8103,2462.454,1968.9559326171875,0
4,FF,FF_2024_WSCT0667.JPG,3360.1072,538.78375,3342.559,2738.5166,2199.802978515625,0
5,FF,FF_2024_WSCT0673.JPG,3232.5083,345.92508,3221.1094,2652.1357,2306.23876953125,0
6,FF,FF_2024_WSCT0698.JPG,3104.4795,584.9971,3120.4897,2854.408,2269.46728515625,0
7,FF,FF_2024_WSCT0840.JPG,3131.3804,231.12817,3103.858,2594.0698,2363.10205078125,0
8,FF,FF_2024_WSCT0854.JPG,3053.2795,593.5099,3061.8262,2587.2605,1993.7689208984375,0
9,FF,FF_2024_WSCT0868.JPG,2978.0237,262.3074,2984.9998,2260.8018,1998.506591796875,0
10,FF,FF_2024_WSCT1021.JPG,3445.9883,759.09436,3432.621,2782.8032,2023.7530517578125,0
11,FF,FF_2024_WSCT1035.JPG,3276.9673,423.60968,3279.8337,2781.3313,2357.723388671875,0
12,FF,FF_2024_WSCT1009.JPG,3097.5667,480.67484,3131.1785,2674.583,2194.165771484375,0
13,FF,FF_2024_WSCT1155.JPG,3239.651,761.0737,3243.577,2227.0605,1465.9920654296875,0
14,FF,FF_2024_WSCT1141.JPG,2992.2324,425.0016,3000.683,2823.1245,2398.137939453125,0
15,FF,FF_2024_WSCT1169.JPG,3161.3298,299.9511,3135.518,2696.1443,2396.33203125,0
16,FF,FF_2024_WSCT1196.JPG,3139.3074,584.67896,3150.7983,2805.0247,2220.37548828125,0
17,FF,FF_2024_WSCT1182.JPG,3258.9036,534.5908,3262.17,2760.7405,2226.152099609375,0
18,FF,FF_2024_WSCT0713.JPG,3000.2375,707.2537,3023.1829,2943.4255,2236.28955078125,0
19,FF,FF_2024_WSCT0707.JPG,3336.9475,622.7347,3343.5535,1621.7725,999.0596313476562,0
20,FF,FF_2024_WSCT0934.JPG,3291.1191,249.77211,3264.8928,2454.1626,2204.54638671875,0
21,FF,FF_2024_WSCT0920.JPG,3082.6616,723.0572,3080.891,2566.9453,1843.8890380859375,0
22,FF,FF_2024_WSCT0908.JPG,3094.7314,523.67523,3085.789,2422.1826,1898.5284423828125,0
23,FF,FF_2024_WSCT0909.JPG,2999.5425,482.4875,3026.2375,2535.8076,2053.49365234375,0
24,FF,FF_2024_WSCT0921.JPG,2835.6333,306.40662,2813.2397,2428.2952,2122.0068359375,0
25,FF,FF_2024_WSCT0935.JPG,3091.4036,801.2942,3094.3735,2544.2354,1742.9437255859375,0
26,FF,FF_2024_WSCT0706.JPG,3338.8499,456.4193,3310.604,2785.9521,2329.703857421875,0
27,FF,FF_2024_WSCT0712.JPG,2995.3174,447.96127,2964.7065,2754.269,2306.510986328125,0
28,FF,FF_2024_WSCT1183.JPG,3372.7988,589.7317,3364.7803,2769.8665,2180.1494140625,0
29,FF,FF_2024_WSCT1197.JPG,3353.8638,568.9802,3341.8267,2442.0115,1873.0699462890625,0
30,FF,FF_2024_WSCT1168.JPG,2777.2275,377.50958,2745.3135,2720.5273,2343.235107421875,0
31,FF,FF_2024_WSCT1140.JPG,2927.3584,500.55627,2917.077,2834.1265,2333.593017578125,0
32,FF,FF_2024_WSCT1154.JPG,3454.3477,723.09924,3418.3513,2626.2368,1903.4779052734375,0
33,FF,FF_2024_WSCT1008.JPG,2913.2026,702.0679,2949.5952,2869.9316,2168.169189453125,0
34,FF,FF_2024_WSCT1034.JPG,3081.5103,591.4537,3071.2998,2892.4106,2300.979736328125,0
35,FF,FF_2024_WSCT1020.JPG,2908.7957,488.9397,2928.5732,2783.1064,2294.251953125,0
36,FF,FF_2024_WSCT0869.JPG,2997.1875,157.23746,3019.833,2328.1367,2171.017333984375,0
37,FF,FF_2024_WSCT0855.JPG,2981.7034,211.60794,2996.0515,2441.0068,2229.445068359375,0
38,FF,FF_2024_WSCT0841.JPG,2998.297,402.964,3024.9558,2745.2083,2342.395751953125,0
39,FF,FF_2024_WSCT0699.JPG,3571.9595,653.9149,3575.7441,2850.6882,2196.776611328125,0
40,FF,FF_2024_WSCT0672.JPG,3043.3298,522.92865,3032.9087,2776.8787,2253.97412109375,0
41,FF,FF_2024_WSCT0666.JPG,3124.902,740.6914,3129.0874,2529.7988,1789.1123046875,0
42,FF,FF_2024_WSCT1236.JPG,2890.7964,526.6183,2897.481,2786.868,2260.25927734375,0
43,FF,FF_2024_WSCT0896.JPG,2822.5566,363.3092,2829.3608,2474.673,2111.374755859375,0
44,FF,FF_2024_WSCT0882.JPG,2553.1453,274.28632,2571.264,2411.93,2137.720458984375,0
45,FF,FF_2024_WSCT1222.JPG,2831.4885,389.367,2797.064,2815.224,2426.101318359375,0
46,FF,FF_2024_WSCT0894.JPG,3291.965,332.40073,3277.836,2410.6606,2078.30810546875,0
47,FF,FF_2024_WSCT1234.JPG,2885.147,513.60614,2883.1584,2897.3257,2383.72021484375,0
48,FF,FF_2024_WSCT1220.JPG,3290.0303,492.61588,3308.6077,2871.857,2379.3134765625,0
49,FF,FF_2024_WSCT0880.JPG,2553.1667,194.82843,2605.1367,2410.8914,2216.67236328125,0
50,FF,FF_2024_WSCT0658.JPG,2970.5898,326.66782,2945.179,2792.3428,2465.805908203125,0
51,FF,FF_2024_WSCT0670.JPG,3416.9897,501.3205,3408.8928,2683.5938,2182.288330078125,0
52,FF,FF_2024_WSCT1208.JPG,3126.7356,563.5759,3139.0613,2869.3909,2305.847900390625,0
53,FF,FF_2024_WSCT0664.JPG,2946.833,369.7404,2947.803,2737.2314,2367.4912109375,0
54,FF,FF_2024_WSCT0857.JPG,2600.6904,233.01288,2638.033,2479.7505,2247.0478515625,0
55,FF,FF_2024_WSCT0843.JPG,3207.7542,429.0355,3224.3647,2723.7996,2294.82421875,0
56,FF,FF_2024_WSCT1036.JPG,3176.089,357.02954,3187.282,2664.345,2307.342529296875,0
57,FF,FF_2024_WSCT1022.JPG,2920.342,458.95383,2913.3564,2739.698,2280.7548828125,0
58,FF,FF_2024_WSCT1142.JPG,2834.0698,488.2554,2883.431,2919.6333,2431.87890625,0
59,FF,FF_2024_WSCT1156.JPG,3340.4897,802.3742,3348.3386,2701.9475,1899.5894775390625,0
60,FF,FF_2024_WSCT1181.JPG,3079.5945,383.9924,3086.6174,2758.8438,2374.86181640625,0
61,FF,FF_2024_WSCT1195.JPG,2944.3418,491.56766,2902.5334,2796.408,2305.219482421875,0
62,FF,FF_2024_WSCT0738.JPG,2795.171,456.51636,2832.0857,2810.0076,2353.78076171875,0
63,FF,FF_2024_WSCT0704.JPG,3579.9133,647.009,3561.3271,2665.8376,2018.9141845703125,0
64,FF,FF_2024_WSCT0710.JPG,3087.075,544.87396,3077.9219,2788.688,2243.83251953125,0
65,FF,FF_2024_WSCT0923.JPG,3014.8132,361.86407,3036.8118,2305.4907,1943.751220703125,0
66,FF,FF_2024_WSCT0937.JPG,3200.1406,350.0288,3186.0237,2549.2112,2199.227783203125,0
67,FF,FF_2024_WSCT0936.JPG,3122.0293,631.6753,3145.436,2578.4326,1946.8980712890625,0
68,FF,FF_2024_WSCT0922.JPG,2853.8037,371.90887,2822.1602,2453.1165,2081.447998046875,0
69,FF,FF_2024_WSCT0711.JPG,3175.2017,400.0638,3173.3235,2678.264,2278.200927734375,0
70,FF,FF_2024_WSCT0705.JPG,2998.072,547.2623,3038.2207,2780.5627,2233.6611328125,0
71,FF,FF_2024_WSCT0739.JPG,2812.9536,463.04828,2785.9583,2849.928,2387.0322265625,0
72,FF,FF_2024_WSCT1194.JPG,3193.0767,532.444,3185.1985,2773.3413,2240.911376953125,0
73,FF,FF_2024_WSCT1180.JPG,3136.139,530.4538,3120.7292,2801.7031,2271.301513671875,0
74,FF,FF_2024_WSCT1157.JPG,3087.0938,430.94388,3089.1545,2794.5972,2363.654296875,0
75,FF,FF_2024_WSCT1143.JPG,2732.336,637.13446,2777.1997,2896.2832,2259.593994140625,0
76,FF,FF_2024_WSCT1023.JPG,2849.3882,368.61588,2840.8462,2742.3394,2373.73876953125,0
77,FF,FF_2024_WSCT1037.JPG,2905.6252,524.93445,2913.2148,2880.124,2355.20166015625,0
78,FF,FF_2024_WSCT0842.JPG,2753.6228,374.33963,2782.9106,2637.048,2262.89794921875,0
79,FF,FF_2024_WSCT0856.JPG,3009.8013,175.83301,2996.7854,2393.3855,2217.590576171875,0
80,FF,FF_2024_WSCT0665.JPG,3491.8303,831.45636,3489.7896,2241.9592,1410.50439453125,0
81,FF,FF_2024_WSCT0671.JPG,3291.284,658.2332,3281.1123,2457.369,1799.16455078125,0
82,FF,FF_2024_WSCT1209.JPG,2885.2502,591.20624,2872.008,2824.779,2233.612060546875,0
83,FF,FF_2024_WSCT1221.JPG,3114.8835,610.026,3107.38,2880.434,2270.420654296875,0
84,FF,FF_2024_WSCT0659.JPG,3096.3372,237.70093,3058.8157,2665.3564,2427.945556640625,0
85,FF,FF_2024_WSCT0881.JPG,3004.2095,462.82025,3014.959,2312.9163,1850.127197265625,0
86,FF,FF_2024_WSCT0895.JPG,3228.9983,222.64911,3191.2446,2338.7766,2116.464111328125,0
87,FF,FF_2024_WSCT1235.JPG,3141.874,620.84875,3148.5083,2945.8171,2324.977783203125,0
88,FF,FF_2024_WSCT0675.JPG,3021.6694,388.08304,3023.0996,2787.7058,2399.623291015625,0
89,FF,FF_2024_WSCT0661.JPG,3222.7122,398.9342,3207.8523,2746.239,2347.351806640625,0
90,FF,FF_2024_WSCT1219.JPG,3052.2812,491.4571,3056.4324,2901.2227,2409.769287109375,0
91,FF,FF_2024_WSCT1231.JPG,2733.8352,462.40564,2700.8984,2857.7158,2395.536376953125,0
92,FF,FF_2024_WSCT0891.JPG,2811.8362,406.8375,2840.2505,2517.2083,2110.56201171875,0
93,FF,FF_2024_WSCT0649.JPG,3310.0996,295.57147,3298.828,2636.9324,2341.387939453125,0
94,FF,FF_2024_WSCT0885.JPG,2810.4465,359.95734,2826.2134,2483.3137,2123.4150390625,0
95,FF,FF_2024_WSCT1225.JPG,2877.6028,389.10587,2866.374,2817.6812,2428.60107421875,0
96,FF,FF_2024_WSCT0852.JPG,3022.9011,206.15695,3045.8875,2514.9849,2308.9423828125,0
97,FF,FF_2024_WSCT0846.JPG,2912.1006,303.50616,2924.8262,2672.5996,2369.127685546875,0
98,FF,FF_2024_WSCT1033.JPG,3013.1235,361.66718,2989.1936,2734.4473,2372.900634765625,0
99,FF,FF_2024_WSCT1027.JPG,3315.1663,441.73923,3314.787,2824.7395,2383.000244140625,0
100,FF,FF_2024_WSCT1147.JPG,3129.21,359.76257,3134.4646,2818.1775,2458.420654296875,0
101,FF,FF_2024_WSCT1153.JPG,2862.6902,564.1277,2894.4426,2859.1323,2295.224365234375,0
102,FF,FF_2024_WSCT1184.JPG,3177.5803,800.01416,3192.6782,2586.5315,1786.5811767578125,0
103,FF,FF_2024_WSCT1190.JPG,3348.5818,734.81793,3342.6526,2633.313,1898.50439453125,0
104,FF,FF_2024_WSCT0701.JPG,3022.266,683.8884,3020.9482,2940.3657,2256.477783203125,0
105,FF,FF_2024_WSCT0715.JPG,2968.3748,469.49716,2970.048,2747.394,2277.897705078125,0
106,FF,FF_2024_WSCT0729.JPG,2948.7944,471.98166,2933.738,2751.7175,2279.78564453125,0
107,FF,FF_2024_WSCT0926.JPG,3117.5127,160.05391,3141.5671,1133.9165,974.1596069335938,0
108,FF,FF_2024_WSCT0932.JPG,3157.403,514.4007,3153.587,2525.5781,2011.18115234375,0
109,FF,FF_2024_WSCT0933.JPG,2992.2454,386.1656,2992.1836,2491.566,2105.400390625,0
110,FF,FF_2024_WSCT0927.JPG,2809.0999,343.64734,2802.854,2479.9849,2136.346435546875,0
111,FF,FF_2024_WSCT0728.JPG,2976.5894,598.9828,2995.2444,2767.653,2168.750732421875,0
112,FF,FF_2024_WSCT0714.JPG,2885.3936,456.5076,2908.3582,2617.221,2160.83544921875,0
113,FF,FF_2024_WSCT0700.JPG,3161.089,477.51263,3170.6016,2686.2065,2208.71435546875,0
114,FF,FF_2024_WSCT1191.JPG,3296.006,853.17816,3301.195,2612.3035,1759.1329345703125,0
115,FF,FF_2024_WSCT1185.JPG,3045.2698,472.77997,3046.2825,2790.512,2317.732177734375,0
116,FF,FF_2024_WSCT1152.JPG,2979.479,451.3708,3029.6597,2832.2515,2381.409423828125,0
117,FF,FF_2024_WSCT1146.JPG,2921.4062,517.91364,2931.3276,2848.1548,2330.262451171875,0
118,FF,FF_2024_WSCT1026.JPG,2987.4092,547.62146,2998.5945,2812.4229,2264.828857421875,0
119,FF,FF_2024_WSCT1032.JPG,3192.2537,429.65192,3201.0884,2790.9673,2361.33203125,0
120,FF,FF_2024_WSCT0847.JPG,2759.4033,287.98334,2756.0083,2657.4487,2369.4677734375,0
121,FF,FF_2024_WSCT0853.JPG,2852.8901,208.97163,2885.5632,2491.0894,2282.3515625,0
122,FF,FF_2024_WSCT0884.JPG,2490.032,361.51813,2533.4915,2480.0027,2118.930419921875,0
123,FF,FF_2024_WSCT1224.JPG,3015.241,429.7418,3033.696,2779.8472,2350.177978515625,0
124,FF,FF_2024_WSCT1230.JPG,2905.0671,414.869,2879.357,2796.0007,2381.270751953125,0
125,FF,FF_2024_WSCT0648.JPG,3139.8381,255.76888,3136.7246,2596.647,2340.880126953125,0
126,FF,FF_2024_WSCT0890.JPG,2905.044,653.428,2908.4604,2509.8245,1856.399658203125,0
127,FF,FF_2024_WSCT0660.JPG,2731.941,318.84,2758.3914,2687.6582,2368.9658203125,0
128,FF,FF_2024_WSCT1218.JPG,3097.8203,620.82104,3103.0967,2811.534,2190.71923828125,0
129,FF,FF_2024_WSCT0674.JPG,3166.1506,517.91766,3164.7393,2830.706,2312.788818359375,0
130,FF,FF_2024_WSCT0662.JPG,2938.0647,352.5624,2948.1948,2767.117,2414.57568359375,0
131,FF,FF_2024_WSCT0676.JPG,3006.6968,553.7819,3019.425,2873.5225,2319.775390625,0
132,FF,FF_2024_WSCT1226.JPG,3075.252,490.47794,3135.316,2918.3389,2428.603759765625,0
133,FF,FF_2024_WSCT0886.JPG,2944.5432,282.509,2956.5068,2381.157,2098.68212890625,0
134,FF,FF_2024_WSCT0892.JPG,3047.1074,343.88687,3088.743,2420.2773,2076.807861328125,0
135,FF,FF_2024_WSCT1232.JPG,3202.86,680.5596,3215.9097,2915.1758,2234.654296875,0
136,FF,FF_2024_WSCT0879.JPG,2742.266,286.596,2725.0818,2376.9692,2090.44384765625,0
137,FF,FF_2024_WSCT0845.JPG,2899.1206,358.22,2945.384,2711.4968,2353.7314453125,0
138,FF,FF_2024_WSCT0689.JPG,3151.856,425.67276,3125.6929,2792.29,2366.76171875,0
139,FF,FF_2024_WSCT0851.JPG,3200.0337,410.87433,3199.7927,2559.5027,2148.62841796875,0
140,FF,FF_2024_WSCT1018.JPG,3158.3933,298.3879,3153.3708,2676.121,2377.738525390625,0
141,FF,FF_2024_WSCT1024.JPG,3257.611,405.3083,3243.527,2721.1023,2315.836669921875,0
142,FF,FF_2024_WSCT1030.JPG,2985.5918,459.2009,2950.4854,2730.9116,2271.98193359375,0
143,FF,FF_2024_WSCT1178.JPG,2971.2202,603.9673,2990.6873,2905.5564,2301.67138671875,0
144,FF,FF_2024_WSCT1150.JPG,3004.6785,496.2783,2982.939,2743.2708,2247.09765625,0
145,FF,FF_2024_WSCT1144.JPG,3046.6255,356.40314,3048.9995,2743.8743,2387.472412109375,0
146,FF,FF_2024_WSCT1193.JPG,2934.551,378.17953,2910.5503,2711.963,2333.90673828125,0
147,FF,FF_2024_WSCT1187.JPG,3209.2214,557.50995,3171.4219,2764.695,2207.5087890625,0
148,FF,FF_2024_WSCT0716.JPG,2929.09,655.6336,2938.0474,2950.897,2295.281005859375,0
149,FF,FF_2024_WSCT0702.JPG,3211.8672,462.4634,3223.9216,2737.9307,2275.499267578125,0
150,FF,FF_2024_WSCT0919.JPG,3116.1282,233.42563,3104.3206,2423.947,2190.55322265625,0
151,FF,FF_2024_WSCT0931.JPG,3009.0293,500.80307,3037.0461,2571.0298,2070.416259765625,0
152,FF,FF_2024_WSCT0925.JPG,3267.7007,235.82828,3277.6106,2495.9502,2260.1435546875,0
153,FF,FF_2024_WSCT0924.JPG,3446.3564,387.0153,3434.771,2398.3704,2011.388427734375,0
154,FF,FF_2024_WSCT0930.JPG,3012.3691,319.1276,2978.716,2411.389,2092.53173828125,0
155,FF,FF_2024_WSCT0918.JPG,3104.6284,366.8689,3125.154,2401.7488,2034.9833984375,0
156,FF,FF_2024_WSCT0703.JPG,3339.433,469.3393,3317.3635,2785.5242,2316.2900390625,0
157,FF,FF_2024_WSCT0717.JPG,3208.3254,559.09265,3203.864,2770.0781,2210.98974609375,0
158,FF,FF_2024_WSCT1186.JPG,3284.5132,624.58325,3286.34,2807.0095,2182.427001953125,0
159,FF,FF_2024_WSCT1192.JPG,3301.629,800.3241,3328.347,2611.9067,1811.7796630859375,0
160,FF,FF_2024_WSCT1145.JPG,3101.5576,559.39764,3124.4888,2929.9417,2370.65478515625,0
161,FF,FF_2024_WSCT1151.JPG,3258.8416,563.269,3236.048,2846.686,2283.53076171875,0
162,FF,FF_2024_WSCT1179.JPG,2817.3757,447.4284,2817.8384,2791.252,2343.823486328125,0
163,FF,FF_2024_WSCT1031.JPG,2887.4958,384.87885,2898.0881,2796.8335,2411.977783203125,0
164,FF,FF_2024_WSCT1025.JPG,2991.787,641.9576,2993.0078,2919.371,2277.413818359375,0
165,FF,FF_2024_WSCT1019.JPG,2989.813,541.43726,2986.862,2786.397,2244.961669921875,0
166,FF,FF_2024_WSCT0850.JPG,3117.1921,383.08276,3156.7305,2632.1252,2249.389892578125,0
167,FF,FF_2024_WSCT0688.JPG,3190.7212,389.41342,3172.285,2572.2593,2182.923828125,0
168,FF,FF_2024_WSCT0844.JPG,3202.3145,273.58267,3213.7476,2666.02,2392.464599609375,0
169,FF,FF_2024_WSCT0878.JPG,2608.9468,162.71991,2624.784,2346.744,2184.081298828125,0
170,FF,FF_2024_WSCT0893.JPG,3163.6897,338.49713,3184.0547,2397.5632,2059.166748046875,0
171,FF,FF_2024_WSCT1233.JPG,2896.6638,512.1903,2882.4326,2849.3628,2337.215576171875,0
172,FF,FF_2024_WSCT1227.JPG,2955.2068,540.3475,2959.992,2888.1575,2347.81494140625,0
173,FF,FF_2024_WSCT0887.JPG,2688.7468,246.7784,2710.0076,2382.3645,2135.69189453125,0
174,FF,FF_2024_WSCT0677.JPG,3074.448,289.15125,3039.3723,2721.6746,2432.7763671875,0
175,FF,FF_2024_WSCT0663.JPG,3164.9397,310.239,3147.3696,2712.6155,2402.440673828125,0
176,FF,FF_2024_WSCT1240.JPG,3151.4204,509.42694,3141.1562,2818.8845,2309.480224609375,0
177,FF,FF_2024_WSCT0638.JPG,3247.7793,512.9633,3217.6235,2833.4937,2320.726318359375,0
178,FF,FF_2024_WSCT1254.JPG,3153.3845,563.2344,3110.2837,2818.8281,2256.005615234375,0
179,FF,FF_2024_WSCT0823.JPG,3420.62,692.89813,3431.4878,2766.1868,2073.317138671875,0
180,FF,FF_2024_WSCT0837.JPG,2937.1802,391.3517,2937.6792,2674.2388,2282.886962890625,0
181,FF,FF_2024_WSCT1042.JPG,3240.6064,348.86722,3260.8774,2697.228,2348.4482421875,0
182,FF,FF_2024_WSCT1056.JPG,3094.0654,615.8033,3110.1714,2897.8237,2282.077392578125,0
183,FF,FF_2024_WSCT1081.JPG,3272.2756,442.38556,3264.1086,2838.1401,2395.7685546875,0
184,FF,FF_2024_WSCT1095.JPG,3310.6409,357.37973,3306.9497,2310.6184,1953.2421875,0
185,FF,FF_2024_WSCT1136.JPG,3153.8396,602.4819,3169.7104,2925.6,2323.17236328125,0
186,FF,FF_2024_WSCT1122.JPG,3234.8867,441.12637,3218.4758,2824.4973,2383.42724609375,0
187,FF,FF_2024_WSCT0994.JPG,3393.0532,376.93512,3395.3826,2702.0903,2325.156494140625,0
188,FF,FF_2024_WSCT0758.JPG,3168.5698,413.15668,3171.272,1800.228,1387.073974609375,0
189,FF,FF_2024_WSCT0980.JPG,3167.1917,440.0889,3136.4592,2594.5303,2154.66064453125,0
190,FF,FF_2024_WSCT0770.JPG,3087.246,270.45105,3069.9844,2671.7031,2401.31396484375,0
191,FF,FF_2024_WSCT0764.JPG,2959.1643,463.38522,2960.6934,2730.4058,2267.02099609375,0
192,FF,FF_2024_WSCT0957.JPG,3195.8328,188.23444,3159.5718,2547.948,2359.9921875,0
193,FF,FF_2024_WSCT0943.JPG,3478.6924,335.81686,3453.8303,2468.9866,2133.314453125,0
194,FF,FF_2024_WSCT0942.JPG,2984.3784,468.43488,2978.1719,2553.7803,2085.354736328125,0
195,FF,FF_2024_WSCT0956.JPG,2949.777,246.90382,2958.2542,2543.4146,2296.5263671875,0
196,FF,FF_2024_WSCT0765.JPG,3222.6755,430.56784,3230.625,2749.2979,2318.74365234375,0
197,FF,FF_2024_WSCT0771.JPG,3089.6528,226.59985,3051.0544,2602.0579,2375.771484375,0
198,FF,FF_2024_WSCT0981.JPG,3145.0493,466.94614,3166.4277,2610.5566,2143.71728515625,0
199,FF,FF_2024_WSCT0759.JPG,2960.9448,435.44168,2974.661,2814.781,2379.37890625,0
200,FF,FF_2024_WSCT0995.JPG,3063.325,552.02026,3070.661,2789.1492,2237.140869140625,0
201,FF,FF_2024_WSCT1123.JPG,2938.756,633.4319,2950.5293,2886.2004,2252.79931640625,0
202,FF,FF_2024_WSCT1137.JPG,2798.4983,608.622,2839.8713,2940.097,2331.841796875,0
203,FF,FF_2024_WSCT1094.JPG,2963.2686,530.9337,2975.2654,2334.6648,1803.77099609375,0
204,FF,FF_2024_WSCT1080.JPG,3209.482,666.07306,3234.5964,2907.2012,2241.268798828125,0
205,FF,FF_2024_WSCT1057.JPG,2860.4365,505.16214,2856.2192,2818.2395,2313.081298828125,0
206,FF,FF_2024_WSCT1043.JPG,2818.138,521.45667,2802.5066,2870.2341,2348.829345703125,0
207,FF,FF_2024_WSCT0836.JPG,2921.0276,373.76523,2942.5286,2756.5952,2382.927001953125,0
208,FF,FF_2024_WSCT0822.JPG,3529.0244,617.0536,3517.9985,2816.7146,2199.688720703125,0
209,FF,FF_2024_WSCT1255.JPG,3120.4722,611.3327,3078.7742,2843.1274,2232.18408203125,0
210,FF,FF_2024_WSCT1241.JPG,3322.419,581.04846,3320.422,2857.4045,2276.35693359375,0
211,FF,FF_2024_WSCT0639.JPG,3112.9697,470.79056,3115.4707,2857.4153,2386.6259765625,0
212,FF,FF_2024_WSCT1257.JPG,3255.5134,623.8668,3227.0342,2794.6777,2170.997802734375,0
213,FF,FF_2024_WSCT1243.JPG,3411.711,612.3518,3391.367,2782.6113,2170.35498046875,0
214,FF,FF_2024_WSCT0834.JPG,3130.8645,355.06464,3128.9485,2685.722,2330.657958984375,0
215,FF,FF_2024_WSCT0820.JPG,3396.9856,734.5692,3382.2678,2701.2356,1966.721435546875,0
216,FF,FF_2024_WSCT0808.JPG,3277.3389,590.0851,3246.7188,2700.541,2110.67822265625,0
217,FF,FF_2024_WSCT1055.JPG,3076.9875,454.58072,3090.5989,2780.2666,2325.7255859375,0
218,FF,FF_2024_WSCT1041.JPG,3026.266,690.4697,3027.2266,2900.8984,2210.428955078125,0
219,FF,FF_2024_WSCT1069.JPG,2979.2751,434.75,2971.5283,2806.26,2371.522705078125,0
220,FF,FF_2024_WSCT1096.JPG,3156.0935,299.80386,3122.865,2355.8845,2056.34912109375,0
221,FF,FF_2024_WSCT1082.JPG,3200.673,482.0191,3186.3484,2684.371,2202.398681640625,0
222,FF,FF_2024_WSCT1121.JPG,3207.3384,626.9004,3184.169,2846.9172,2220.1376953125,0
223,FF,FF_2024_WSCT1135.JPG,3116.2754,502.9306,3121.3628,2823.7185,2320.79345703125,0
224,FF,FF_2024_WSCT1109.JPG,3143.0425,569.06616,3115.841,2656.159,2087.27001953125,0
225,FF,FF_2024_WSCT0983.JPG,2997.0808,67.722435,3028.4102,1044.2281,977.0081787109375,0
226,FF,FF_2024_WSCT0997.JPG,3099.922,530.8975,3116.5415,2717.2214,2186.38720703125,0
227,FF,FF_2024_WSCT0767.JPG,3264.4302,228.93181,3227.6267,2635.9048,2407.254150390625,0
228,FF,FF_2024_WSCT0773.JPG,3058.542,654.03406,3093.8901,2920.2847,2266.526123046875,0
229,FF,FF_2024_WSCT0940.JPG,3414.8743,440.73328,3401.6233,2558.0574,2117.36572265625,0
230,FF,FF_2024_WSCT0798.JPG,3048.6973,242.1379,3026.4116,2567.9902,2325.958984375,0
231,FF,FF_2024_WSCT0954.JPG,3276.178,366.9245,3251.74,2546.0981,2179.310546875,0
232,FF,FF_2024_WSCT0968.JPG,3015.8406,346.48093,3000.4355,2586.3489,2239.9208984375,0
233,FF,FF_2024_WSCT0969.JPG,3280.8816,278.82144,3255.0715,2559.117,2280.44140625,0
234,FF,FF_2024_WSCT0955.JPG,3411.6199,271.59875,3399.493,2600.4543,2328.886962890625,0
235,FF,FF_2024_WSCT0799.JPG,2870.5452,302.81927,2863.3298,2639.0068,2336.19873046875,0
236,FF,FF_2024_WSCT0941.JPG,3064.669,198.48555,3062.6587,2448.0132,2249.528564453125,0
237,FF,FF_2024_WSCT0772.JPG,2990.352,264.63446,2963.8457,2635.2168,2370.73046875,0
238,FF,FF_2024_WSCT0766.JPG,3355.9424,783.6864,3359.7803,2742.4927,1958.81005859375,0
239,FF,FF_2024_WSCT0996.JPG,3010.863,599.4535,3019.001,2836.109,2236.670166015625,0
240,FF,FF_2024_WSCT0982.JPG,3371.925,457.7537,3402.9617,2677.7014,2220.164794921875,0
241,FF,FF_2024_WSCT1108.JPG,3235.7966,511.2788,3233.8442,2637.8774,2126.599609375,0
242,FF,FF_2024_WSCT1134.JPG,2966.1409,584.88727,2954.4077,2857.5056,2272.648681640625,0
243,FF,FF_2024_WSCT1120.JPG,2971.4138,455.1169,2985.645,2764.852,2309.779052734375,0
244,FF,FF_2024_WSCT1083.JPG,3081.2974,449.27255,3066.018,2675.6057,2226.3857421875,0
245,FF,FF_2024_WSCT1097.JPG,2885.1782,413.17807,2862.2944,2327.8987,1914.8572998046875,0
246,FF,FF_2024_WSCT1068.JPG,3182.6897,544.0757,3206.052,2810.9487,2266.993408203125,0
247,FF,FF_2024_WSCT1040.JPG,2991.6155,595.6777,3015.1863,2894.8623,2299.305419921875,0
248,FF,FF_2024_WSCT1054.JPG,2742.3442,448.0859,2755.1897,2812.2375,2364.1865234375,0
249,FF,FF_2024_WSCT0809.JPG,3251.1655,584.1924,3256.134,2172.4658,1588.28125,0
250,FF,FF_2024_WSCT0821.JPG,3447.9832,396.63638,3444.4182,2600.9268,2204.293212890625,0
251,FF,FF_2024_WSCT0835.JPG,3128.0955,250.10738,3136.2026,2651.439,2401.34521484375,0
252,FF,FF_2024_WSCT1242.JPG,3215.3955,459.1581,3187.5674,2824.8262,2365.83154296875,0
253,FF,FF_2024_WSCT1256.JPG,3156.1616,645.4197,3120.651,2838.419,2193.286865234375,0
254,FF,FF_2024_WSCT1252.JPG,3144.7761,598.0128,3095.5647,2871.9983,2274.517822265625,0
255,FF,FF_2024_WSCT1246.JPG,2805.8083,579.0804,2776.8528,2960.3699,2381.465576171875,0
256,FF,FF_2024_WSCT0819.JPG,3488.2664,685.7158,3476.2273,2580.4753,1894.7977294921875,0
257,FF,FF_2024_WSCT0831.JPG,2881.611,317.57733,2900.154,2662.568,2345.06396484375,0
258,FF,FF_2024_WSCT0825.JPG,2709.679,469.87476,2755.4863,2918.796,2449.349609375,0
259,FF,FF_2024_WSCT1078.JPG,3275.305,362.11298,3257.359,2760.243,2398.197021484375,0
260,FF,FF_2024_WSCT1050.JPG,3004.5293,325.73468,3008.238,2699.7651,2374.033447265625,0
261,FF,FF_2024_WSCT1044.JPG,3094.3958,659.8661,3094.112,2836.168,2176.3017578125,0
262,FF,FF_2024_WSCT1093.JPG,2954.293,447.90146,2943.9978,2214.863,1766.9915771484375,0
263,FF,FF_2024_WSCT1087.JPG,2904.2769,424.50845,2919.8208,2410.9626,1986.5150146484375,0
264,FF,FF_2024_WSCT1118.JPG,3044.3337,614.2094,3047.1262,2760.7456,2146.537841796875,0
265,FF,FF_2024_WSCT1124.JPG,2951.9424,754.4495,2954.43,2930.653,2176.205078125,0
266,FF,FF_2024_WSCT1130.JPG,3112.379,669.39954,3110.151,2856.844,2187.445556640625,0
267,FF,FF_2024_WSCT0762.JPG,3291.261,358.3609,3251.9678,2688.027,2329.99755859375,0
268,FF,FF_2024_WSCT0776.JPG,3017.6409,616.2463,3005.7708,2874.5957,2258.380615234375,0
269,FF,FF_2024_WSCT0986.JPG,3581.493,260.1756,3533.3054,2519.1187,2259.45703125,0
270,FF,FF_2024_WSCT0992.JPG,3010.7798,686.5469,3008.7693,2731.6423,2045.096435546875,0
271,FF,FF_2024_WSCT0979.JPG,3380.1143,449.5197,3390.376,2656.9001,2207.404296875,0
272,FF,FF_2024_WSCT0945.JPG,3000.2139,245.90398,2990.9834,2471.2249,2225.33984375,0
273,FF,FF_2024_WSCT0951.JPG,3095.2786,233.32469,3083.9016,2490.1162,2256.820068359375,0
274,FF,FF_2024_WSCT0789.JPG,3039.8984,404.32776,3011.6038,2751.77,2347.61279296875,0
275,FF,FF_2024_WSCT0788.JPG,3528.4788,722.208,3510.1787,2700.7034,1978.5799560546875,0
276,FF,FF_2024_WSCT0950.JPG,2933.9436,230.59694,2891.2034,2504.1008,2273.905517578125,0
277,FF,FF_2024_WSCT0944.JPG,3227.789,245.51233,3208.3784,2434.1353,2188.709228515625,0
278,FF,FF_2024_WSCT0978.JPG,2960.9673,504.39642,2961.5308,2673.7732,2169.376708984375,0
279,FF,FF_2024_WSCT0993.JPG,3066.5188,578.76886,3070.246,2755.9365,2177.1708984375,0
280,FF,FF_2024_WSCT0987.JPG,3219.7808,209.67546,3214.5825,2495.8855,2286.2158203125,0
281,FF,FF_2024_WSCT0777.JPG,3004.7263,562.1757,3008.1472,2854.704,2292.53076171875,0
282,FF,FF_2024_WSCT0763.JPG,3305.982,423.81436,3275.9907,2664.3528,2240.739013671875,0
283,FF,FF_2024_WSCT1131.JPG,2860.4043,536.4374,2864.07,2819.5364,2283.10205078125,0
284,FF,FF_2024_WSCT1125.JPG,2854.5938,514.8892,2860.128,2828.8113,2313.9287109375,0
285,FF,FF_2024_WSCT1119.JPG,3215.619,476.18777,3208.0813,2801.756,2325.58056640625,0
286,FF,FF_2024_WSCT1086.JPG,2987.9275,391.4152,2987.9958,2424.4502,2033.0350341796875,0
287,FF,FF_2024_WSCT1092.JPG,2922.915,492.50214,2921.445,2274.5034,1782.0018310546875,0
288,FF,FF_2024_WSCT1045.JPG,2826.1985,414.6311,2818.6848,2775.94,2361.32080078125,0
289,FF,FF_2024_WSCT1051.JPG,3084.6396,430.70508,3093.4368,2829.115,2398.426025390625,0
290,FF,FF_2024_WSCT1079.JPG,3090.0637,695.6392,3088.0525,2948.5173,2252.879150390625,0
291,FF,FF_2024_WSCT0824.JPG,2995.699,75.72131,3026.1003,1049.3428,974.0960083007812,0
292,FF,FF_2024_WSCT0830.JPG,2712.1135,244.56364,2707.8508,2597.68,2353.1201171875,0
293,FF,FF_2024_WSCT0818.JPG,3349.855,553.57263,3352.2593,2341.1777,1787.606689453125,0
294,FF,FF_2024_WSCT1247.JPG,3329.2153,720.56366,3343.2449,2949.7717,2229.252197265625,0
295,FF,FF_2024_WSCT1253.JPG,3239.265,519.8241,3216.7292,2796.178,2276.465576171875,0
296,FF,FF_2024_WSCT1245.JPG,3238.68,580.10645,3220.6638,2835.0237,2254.9892578125,0
297,FF,FF_2024_WSCT1251.JPG,3031.1633,677.08923,3009.863,2923.9153,2246.92724609375,0
298,FF,FF_2024_WSCT0629.JPG,3103.536,501.37762,3143.7488,2801.496,2300.469970703125,0
299,FF,FF_2024_WSCT0826.JPG,3185.5212,587.10034,3218.833,2851.8901,2265.03466796875,0
300,FF,FF_2024_WSCT0832.JPG,2595.018,227.55067,2666.441,2659.7053,2433.203125,0
301,FF,FF_2024_WSCT1047.JPG,3195.4585,556.21643,3223.029,2841.2817,2285.231689453125,0
302,FF,FF_2024_WSCT1053.JPG,2925.5242,625.2611,2945.4382,2826.2915,2201.120361328125,0
303,FF,FF_2024_WSCT1084.JPG,3194.4705,515.894,3196.913,2665.636,2149.743408203125,0
304,FF,FF_2024_WSCT1090.JPG,3005.4092,60.45957,3037.7058,1051.9777,992.0439453125,0
305,FF,FF_2024_WSCT1133.JPG,3053.8179,391.07156,3067.168,2791.561,2400.526611328125,0
306,FF,FF_2024_WSCT1127.JPG,2964.3481,674.83374,2975.7874,2592.7615,1917.9617919921875,0
307,FF,FF_2024_WSCT0775.JPG,3066.6245,386.9344,3059.0068,2803.0588,2416.136474609375,0
308,FF,FF_2024_WSCT0761.JPG,3320.548,742.42334,3309.4182,2731.0754,1988.6832275390625,0
309,FF,FF_2024_WSCT0749.JPG,3168.1262,478.8488,3152.3872,2840.301,2361.504638671875,0
310,FF,FF_2024_WSCT0991.JPG,2918.3242,460.10367,2936.1685,2686.9346,2226.90234375,0
311,FF,FF_2024_WSCT0985.JPG,3539.4192,583.56256,3547.3005,2747.0825,2163.534423828125,0
312,FF,FF_2024_WSCT0952.JPG,3155.773,278.6944,3122.419,2535.7024,2257.25439453125,0
313,FF,FF_2024_WSCT0946.JPG,3225.7888,241.81706,3210.9426,2509.8162,2268.047607421875,0
314,FF,FF_2024_WSCT0947.JPG,3638.6704,141.45183,3606.1458,2344.2327,2203.020751953125,0
315,FF,FF_2024_WSCT0953.JPG,3111.9895,302.84146,3107.6587,2598.9058,2296.068359375,0
316,FF,FF_2024_WSCT0984.JPG,3403.044,193.37247,3395.8635,2535.6934,2342.331787109375,0
317,FF,FF_2024_WSCT0990.JPG,3115.7847,428.17923,3127.356,2624.4612,2196.3125,0
318,FF,FF_2024_WSCT0748.JPG,3104.0183,531.42957,3078.3618,2847.6782,2316.390625,0
319,FF,FF_2024_WSCT0760.JPG,3213.999,467.67398,3254.3306,2751.0085,2283.690673828125,0
320,FF,FF_2024_WSCT0774.JPG,2965.646,476.8603,2979.0254,2766.5251,2289.703857421875,0
321,FF,FF_2024_WSCT1126.JPG,2861.5547,506.82675,2863.9875,2836.2217,2329.396240234375,0
322,FF,FF_2024_WSCT1132.JPG,3089.052,300.7782,3093.3948,2759.079,2458.3046875,0
323,FF,FF_2024_WSCT1091.JPG,2728.3103,295.86014,2701.8909,2070.7034,1775.0399169921875,0
324,FF,FF_2024_WSCT1085.JPG,2905.391,322.85193,2893.204,2456.5085,2133.691650390625,0
325,FF,FF_2024_WSCT1052.JPG,2893.1284,637.2987,2895.249,2899.4824,2262.1845703125,0
326,FF,FF_2024_WSCT1046.JPG,2807.9592,521.5726,2818.7456,2854.785,2333.2373046875,0
327,FF,FF_2024_WSCT0833.JPG,2552.5837,226.686,2617.4336,2678.496,2452.66748046875,0
328,FF,FF_2024_WSCT0827.JPG,2920.0078,496.78925,2965.5269,2666.3923,2170.08056640625,0
329,FF,FF_2024_WSCT1250.JPG,2911.7932,666.6223,2922.2866,2952.3413,2285.7431640625,0
330,FF,FF_2024_WSCT0628.JPG,2880.7063,383.39624,2861.6492,2799.3726,2416.051513671875,0
331,FF,FF_2024_WSCT1244.JPG,3282.2607,712.404,3280.196,2672.7917,1960.3887939453125,0
332,FF,FF_2024_WSCT0631.JPG,2810.1008,434.7053,2820.8792,2786.7114,2352.03076171875,0
333,FF,FF_2024_WSCT1249.JPG,2899.2678,538.7161,2873.1582,2880.075,2341.50439453125,0
334,FF,FF_2024_WSCT0802.JPG,3340.929,286.57193,3315.5627,2683.7505,2397.312744140625,0
335,FF,FF_2024_WSCT0816.JPG,3507.9392,669.7895,3493.2356,2485.3188,1815.5888671875,0
336,FF,FF_2024_WSCT1063.JPG,2805.2593,561.83844,2850.0713,2867.9688,2306.565673828125,0
337,FF,FF_2024_WSCT1077.JPG,3295.451,604.8796,3303.3208,2793.8489,2188.9833984375,0
338,FF,FF_2024_WSCT1088.JPG,2985.0947,58.808353,3014.874,1062.1786,1003.8120727539062,0
339,FF,FF_2024_WSCT1117.JPG,3171.3137,389.57397,3154.97,2691.0059,2301.489990234375,0
340,FF,FF_2024_WSCT1103.JPG,2990.9937,651.59674,3012.7476,2567.016,1915.54296875,0
341,FF,FF_2024_WSCT0779.JPG,2939.4504,590.7849,2969.2446,2943.4077,2352.8115234375,0
342,FF,FF_2024_WSCT0751.JPG,3071.4043,471.0126,3064.6624,2805.786,2334.782958984375,0
343,FF,FF_2024_WSCT0989.JPG,3011.3254,369.08804,2982.9175,2678.2332,2309.31982421875,0
344,FF,FF_2024_WSCT0745.JPG,3306.783,570.0042,3320.9722,2884.0562,2314.095458984375,0
345,FF,FF_2024_WSCT0976.JPG,3496.105,307.86435,3497.6562,2576.537,2268.67333984375,0
346,FF,FF_2024_WSCT0962.JPG,3266.9094,308.0079,3255.3674,2550.964,2242.986083984375,0
347,FF,FF_2024_WSCT0792.JPG,2959.3389,462.30737,2944.512,2730.389,2268.130126953125,0
348,FF,FF_2024_WSCT0786.JPG,3131.888,663.9511,3117.8833,2745.8926,2081.988525390625,0
349,FF,FF_2024_WSCT0787.JPG,3045.3506,638.5476,3024.5117,2820.6448,2182.19677734375,0
350,FF,FF_2024_WSCT0793.JPG,3193.4917,607.049,3234.4688,2803.1487,2196.48193359375,0
351,FF,FF_2024_WSCT0963.JPG,3230.4705,451.16232,3211.9846,2564.6245,2113.54296875,0
352,FF,FF_2024_WSCT0977.JPG,3005.9185,341.8997,3028.1846,2607.2256,2265.435302734375,0
353,FF,FF_2024_WSCT0744.JPG,2721.9333,531.8933,2759.388,2898.1448,2366.5478515625,0
354,FF,FF_2024_WSCT0988.JPG,3403.4993,336.49863,3367.4226,2602.3552,2266.143798828125,0
355,FF,FF_2024_WSCT0750.JPG,2860.9841,537.5519,2870.8599,2858.4753,2320.9443359375,0
356,FF,FF_2024_WSCT0778.JPG,3112.2534,572.246,3151.6475,2892.5447,2320.63330078125,0
357,FF,FF_2024_WSCT1102.JPG,3240.6367,399.41565,3215.6772,2369.7148,1970.457275390625,0
358,FF,FF_2024_WSCT1116.JPG,3483.4863,401.81134,3440.997,2583.4124,2182.014892578125,0
359,FF,FF_2024_WSCT1089.JPG,2998.4668,59.201153,3029.7861,1056.0629,997.3535766601562,0
360,FF,FF_2024_WSCT1076.JPG,2936.1597,489.61978,2927.5603,2682.7473,2193.144287109375,0
361,FF,FF_2024_WSCT1062.JPG,3155.307,476.07043,3135.0588,2799.4827,2323.500244140625,0
362,FF,FF_2024_WSCT0817.JPG,3385.2651,626.5537,3376.5088,2292.5688,1666.0382080078125,0
363,FF,FF_2024_WSCT0803.JPG,3250.6545,288.99146,3206.9558,2668.7874,2380.197021484375,0
364,FF,FF_2024_WSCT0630.JPG,2748.9475,419.49933,2778.476,2849.08,2429.76025390625,0
365,FF,FF_2024_WSCT1248.JPG,3167.8008,746.01917,3136.5747,2899.1606,2153.367919921875,0
366,FF,FF_2024_WSCT0632.JPG,3464.2195,772.92993,3457.9365,2850.5315,2077.611083984375,0
367,FF,FF_2024_WSCT0626.JPG,2745.606,471.57297,2757.826,2829.4338,2357.892578125,0
368,FF,FF_2024_WSCT0815.JPG,3396.1174,745.8966,3398.1501,2517.997,1772.1016845703125,0
369,FF,FF_2024_WSCT0801.JPG,3026.9988,326.17618,3042.3525,2719.4675,2393.340576171875,0
370,FF,FF_2024_WSCT0829.JPG,2850.5327,231.71361,2862.0774,2648.5352,2416.84912109375,0
371,FF,FF_2024_WSCT1074.JPG,3130.276,659.3105,3136.778,2844.1448,2184.843994140625,0
372,FF,FF_2024_WSCT1060.JPG,3353.808,451.36792,3347.0562,2773.9558,2322.59765625,0
373,FF,FF_2024_WSCT1048.JPG,3090.7869,321.68985,3093.8752,2798.1465,2476.45849609375,0
374,FF,FF_2024_WSCT1100.JPG,3042.365,495.53726,3021.7524,2335.0303,1839.6085205078125,0
375,FF,FF_2024_WSCT1114.JPG,3434.8464,445.08197,3402.1038,2542.3618,2097.535400390625,0
376,FF,FF_2024_WSCT1128.JPG,3151.8496,439.9387,3167.2703,2619.6821,2179.7978515625,0
377,FF,FF_2024_WSCT0746.JPG,2884.7302,599.6284,2893.5837,2886.9944,2287.383056640625,0
378,FF,FF_2024_WSCT0752.JPG,3063.1755,166.72934,3038.8682,2643.997,2477.386962890625,0
379,FF,FF_2024_WSCT0961.JPG,3073.6758,230.65938,3056.0884,2514.531,2283.939208984375,0
380,FF,FF_2024_WSCT0975.JPG,3356.4817,165.2996,3309.5686,2447.8105,2282.9931640625,0
381,FF,FF_2024_WSCT0785.JPG,3311.8352,465.2598,3304.0527,2366.4285,1901.1845703125,0
382,FF,FF_2024_WSCT0949.JPG,2899.9797,218.9673,2899.3352,2469.275,2250.3076171875,0
383,FF,FF_2024_WSCT0791.JPG,3396.918,353.46924,3364.3127,2630.3823,2277.146484375,0
384,FF,FF_2024_WSCT0790.JPG,2694.859,257.82434,2652.3064,2633.7869,2376.343505859375,0
385,FF,FF_2024_WSCT0948.JPG,3035.884,289.0291,3012.0984,2510.0444,2221.142822265625,0
386,FF,FF_2024_WSCT0784.JPG,3314.2324,574.1292,3301.2036,2322.699,1748.618408203125,0
387,FF,FF_2024_WSCT0974.JPG,3196.2065,243.46817,3146.9119,2460.9417,2218.021240234375,0
388,FF,FF_2024_WSCT0960.JPG,3158.486,154.45535,3116.1323,2458.5398,2304.4736328125,0
389,FF,FF_2024_WSCT0753.JPG,2650.9875,262.9636,2642.8284,2711.1968,2448.246826171875,0
390,FF,FF_2024_WSCT0747.JPG,3068.435,550.20386,3064.7532,2851.7644,2301.5634765625,0
391,FF,FF_2024_WSCT1129.JPG,3249.8643,372.0199,3228.3635,2669.0686,2297.1494140625,0
392,FF,FF_2024_WSCT1115.JPG,3072.3228,607.0656,3083.809,2671.7263,2064.692626953125,0
393,FF,FF_2024_WSCT1101.JPG,3133.7185,445.71332,3128.5078,2382.716,1937.0096435546875,0
394,FF,FF_2024_WSCT1049.JPG,3122.6516,531.8773,3139.17,2857.708,2325.88916015625,0
395,FF,FF_2024_WSCT1061.JPG,3289.6636,523.07275,3285.056,2811.928,2288.85986328125,0
396,FF,FF_2024_WSCT1075.JPG,3526.0293,580.6553,3522.6633,2920.8848,2340.23193359375,0
397,FF,FF_2024_WSCT0828.JPG,2885.8428,360.29013,2891.0474,2543.6108,2183.326904296875,0
398,FF,FF_2024_WSCT0800.JPG,2958.6045,278.06036,2941.5835,2627.9539,2349.955078125,0
399,FF,FF_2024_WSCT0814.JPG,3370.4263,241.6884,3384.812,1165.1097,923.5333862304688,0
400,FF,FF_2024_WSCT0627.JPG,2916.8325,493.3587,2912.6108,2838.3923,2345.03759765625,0
401,FF,FF_2024_WSCT0633.JPG,3523.4858,687.9362,3517.3538,2841.5518,2153.624267578125,0
402,FF,FF_2024_WSCT0637.JPG,2756.4844,459.1255,2751.568,2767.7673,2308.64697265625,0
403,FF,FF_2024_WSCT0838.JPG,2937.894,238.26416,2961.9666,2664.3523,2426.20751953125,0
404,FF,FF_2024_WSCT0810.JPG,3274.6924,549.28973,3280.6912,2228.924,1679.64501953125,0
405,FF,FF_2024_WSCT0804.JPG,3130.614,455.5582,3109.899,2764.4778,2309.0126953125,0
406,FF,FF_2024_WSCT1059.JPG,2829.0493,406.92087,2836.2593,2775.5928,2368.682861328125,0
407,FF,FF_2024_WSCT1071.JPG,3307.7585,580.8493,3320.0183,2878.9785,2298.161865234375,0
408,FF,FF_2024_WSCT1065.JPG,3004.7832,460.5432,3007.5264,2765.6772,2305.1357421875,0
409,FF,FF_2024_WSCT1139.JPG,2986.7551,563.93097,2999.7903,2943.916,2380.020751953125,0
410,FF,FF_2024_WSCT1105.JPG,3048.8276,463.94955,3036.2375,2535.8286,2071.91748046875,0
411,FF,FF_2024_WSCT1111.JPG,3477.1318,368.97543,3451.5544,2500.7268,2131.90478515625,0
412,FF,FF_2024_WSCT0743.JPG,3198.1663,275.68192,3211.528,2624.9412,2349.29736328125,0
413,FF,FF_2024_WSCT0757.JPG,2871.323,394.5499,2860.8086,2748.981,2354.45458984375,0
414,FF,FF_2024_WSCT0958.JPG,3472.028,426.59195,3445.2017,2600.1355,2173.708984375,0
415,FF,FF_2024_WSCT0780.JPG,3073.6174,563.5533,3085.2212,2889.3022,2325.778076171875,0
416,FF,FF_2024_WSCT0794.JPG,3177.6985,581.0037,3176.5105,2841.8542,2260.850830078125,0
417,FF,FF_2024_WSCT0964.JPG,3093.9185,249.16551,3073.7327,2565.997,2316.91943359375,0
418,FF,FF_2024_WSCT0970.JPG,3235.1685,379.97537,3233.7722,2620.7327,2240.7578125,0
419,FF,FF_2024_WSCT0971.JPG,2929.5852,359.30798,2956.671,2643.2678,2284.12060546875,0
420,FF,FF_2024_WSCT0965.JPG,2934.4873,314.88022,2900.1772,2500.0085,2185.397705078125,0
421,FF,FF_2024_WSCT0795.JPG,2894.7654,423.43286,2888.5427,2713.514,2290.089599609375,0
422,FF,FF_2024_WSCT0781.JPG,2988.7393,625.9142,3029.6794,2912.0767,2286.529052734375,0
423,FF,FF_2024_WSCT0959.JPG,3197.8484,136.61853,3154.0312,2458.0107,2321.8056640625,0
424,FF,FF_2024_WSCT0756.JPG,2810.2163,410.7629,2813.2463,2775.7493,2364.98828125,0
425,FF,FF_2024_WSCT0742.JPG,2758.1775,357.69632,2748.0713,2853.1702,2495.494384765625,0
426,FF,FF_2024_WSCT1110.JPG,3446.3293,433.00803,3420.9158,2553.3726,2120.516845703125,0
427,FF,FF_2024_WSCT1104.JPG,3063.7908,617.23376,3054.19,2615.152,1997.94140625,0
428,FF,FF_2024_WSCT1138.JPG,2857.168,409.74368,2848.3896,2747.81,2338.082763671875,0
429,FF,FF_2024_WSCT1064.JPG,2942.2827,475.9886,2941.916,2868.1494,2392.160888671875,0
430,FF,FF_2024_WSCT1070.JPG,3102.4822,370.8691,3105.7922,2812.61,2441.7431640625,0
431,FF,FF_2024_WSCT1058.JPG,2844.763,526.8974,2876.2566,2837.8242,2311.141357421875,0
432,FF,FF_2024_WSCT0805.JPG,3083.93,591.4407,3088.0364,2796.251,2204.814208984375,0
433,FF,FF_2024_WSCT0811.JPG,3341.4412,595.03375,3336.361,2164.1758,1569.1502685546875,0
434,FF,FF_2024_WSCT0839.JPG,2999.9426,269.28305,3041.6104,2688.6357,2419.711669921875,0
435,FF,FF_2024_WSCT0636.JPG,3482.7795,725.8656,3493.349,2651.6138,1925.7772216796875,0
436,FF,FF_2024_WSCT1258.JPG,3309.8042,500.89642,3317.8655,2643.118,2142.236572265625,0
437,FF,FF_2024_WSCT0634.JPG,3523.4014,724.353,3519.6885,2792.4006,2068.051025390625,0
438,FF,FF_2024_WSCT0807.JPG,3079.609,410.0089,3077.596,2112.6763,1702.6685791015625,0
439,FF,FF_2024_WSCT0813.JPG,3527.8757,805.21606,3528.8423,2686.295,1881.0791015625,0
440,FF,FF_2024_WSCT1066.JPG,2799.959,443.5262,2796.3757,2841.191,2397.66748046875,0
441,FF,FF_2024_WSCT1072.JPG,3076.6165,459.39682,3105.2283,2871.2722,2412.045166015625,0
442,FF,FF_2024_WSCT1099.JPG,3315.052,512.71564,3310.2935,2314.2102,1801.5008544921875,0
443,FF,FF_2024_WSCT1112.JPG,2908.2986,691.0781,2931.6714,2738.1033,2047.1585693359375,0
444,FF,FF_2024_WSCT1106.JPG,3192.598,622.0567,3158.6838,2545.8738,1924.1160888671875,0
445,FF,FF_2024_WSCT0754.JPG,2925.6738,320.24585,2903.1504,2779.2578,2459.115234375,0
446,FF,FF_2024_WSCT0740.JPG,3244.02,721.06866,3256.0676,2835.6262,2114.592041015625,0
447,FF,FF_2024_WSCT0998.JPG,2751.016,496.07233,2757.7048,2728.5947,2232.532470703125,0
448,FF,FF_2024_WSCT0768.JPG,3011.931,326.12878,3019.3914,2714.927,2388.81005859375,0
449,FF,FF_2024_WSCT0797.JPG,3013.0144,254.70648,2977.968,2567.7239,2313.28271484375,0
450,FF,FF_2024_WSCT0783.JPG,3215.4321,517.1947,3198.359,2790.7144,2273.583740234375,0
451,FF,FF_2024_WSCT0973.JPG,3359.3723,349.54413,3351.4487,2580.017,2230.487060546875,0
452,FF,FF_2024_WSCT0967.JPG,3233.674,202.71759,3204.6995,2457.333,2254.8017578125,0
453,FF,FF_2024_WSCT0966.JPG,3497.084,290.65347,3482.5542,2492.2388,2201.633056640625,0
454,FF,FF_2024_WSCT0972.JPG,2852.2478,428.20255,2882.5547,2684.359,2256.35986328125,0
455,FF,FF_2024_WSCT0782.JPG,3286.5747,587.83734,3280.9292,2372.385,1784.5565185546875,0
456,FF,FF_2024_WSCT0796.JPG,3234.0027,544.7739,3257.1208,2745.3618,2200.709228515625,0
457,FF,FF_2024_WSCT0769.JPG,2925.2903,293.94476,2916.3633,2666.0872,2372.1591796875,0
458,FF,FF_2024_WSCT0999.JPG,3046.8022,680.35394,3077.0698,2871.1057,2190.960693359375,0
459,FF,FF_2024_WSCT0741.JPG,2987.3242,442.25653,3001.2236,2785.788,2343.57275390625,0
460,FF,FF_2024_WSCT0755.JPG,3018.527,307.71082,3000.8901,2746.8774,2439.230224609375,0
461,FF,FF_2024_WSCT1107.JPG,3202.3096,535.80505,3195.1926,2598.8037,2063.0107421875,0
462,FF,FF_2024_WSCT1113.JPG,3178.5227,547.7934,3184.5994,2631.1282,2083.343505859375,0
463,FF,FF_2024_WSCT1098.JPG,3368.723,479.2256,3362.0208,2360.251,1881.037353515625,0
464,FF,FF_2024_WSCT1073.JPG,3064.2327,588.525,3075.0286,2858.9832,2270.483642578125,0
465,FF,FF_2024_WSCT1067.JPG,3134.2673,466.26086,3115.4377,2786.8228,2320.638427734375,0
466,FF,FF_2024_WSCT0812.JPG,3496.2598,696.8376,3468.8762,2490.6665,1794.037841796875,0
467,FF,FF_2024_WSCT0806.JPG,3189.6174,309.42157,3197.7651,1512.0502,1202.65625,0
468,FF,FF_2024_WSCT0635.JPG,3417.595,527.71545,3380.2349,2783.1958,2255.789794921875,0
469,FF,FF_2024_WSCT1202.JPG,2826.8018,333.13406,2826.1265,2761.6943,2428.560302734375,0
470,FF,FF_2024_WSCT1216.JPG,2978.854,329.9144,2964.816,2705.5864,2375.713623046875,0
471,FF,FF_2024_WSCT0646.JPG,3105.6865,334.92224,3093.9614,2724.4578,2389.564453125,0
472,FF,FF_2024_WSCT0652.JPG,3170.4622,325.67642,3146.1372,2602.4324,2276.8857421875,0
473,FF,FF_2024_WSCT0861.JPG,2920.9246,272.43066,2969.5024,2507.9543,2236.051513671875,0
474,FF,FF_2024_WSCT0875.JPG,2637.883,326.25595,2627.9624,2399.1914,2072.959228515625,0
475,FF,FF_2024_WSCT0685.JPG,3370.8296,551.11664,3383.5835,2766.1113,2215.03125,0
476,FF,FF_2024_WSCT0691.JPG,3086.116,283.26578,3084.7463,2695.3684,2412.10302734375,0
477,FF,FF_2024_WSCT0849.JPG,3185.4016,426.86115,3204.0022,2639.0376,2212.254638671875,0
478,FF,FF_2024_WSCT1000.JPG,2961.483,369.87885,2983.6082,2694.8337,2325.06005859375,0
479,FF,FF_2024_WSCT1014.JPG,2880.7383,662.26544,2899.3657,2872.4924,2210.3056640625,0
480,FF,FF_2024_WSCT1028.JPG,2919.626,627.29913,2953.985,2880.4438,2253.40673828125,0
481,FF,FF_2024_WSCT1174.JPG,3184.1301,391.3687,3181.5776,2716.8782,2325.510986328125,0
482,FF,FF_2024_WSCT1160.JPG,2963.9592,387.87097,2958.5647,2742.3574,2354.492431640625,0
483,FF,FF_2024_WSCT1148.JPG,3098.6543,579.18823,3088.0952,2905.3257,2326.161376953125,0
484,FF,FF_2024_WSCT0732.JPG,3125.2302,353.601,3113.919,2743.36,2389.785888671875,0
485,FF,FF_2024_WSCT0726.JPG,3112.2188,139.2696,3073.4792,2562.6848,2423.724853515625,0
486,FF,FF_2024_WSCT0915.JPG,2893.0415,393.62857,2914.7559,2481.4402,2087.924560546875,0
487,FF,FF_2024_WSCT0901.JPG,2810.6172,441.88373,2821.028,2537.3508,2095.492919921875,0
488,FF,FF_2024_WSCT0929.JPG,3109.253,217.41403,3071.3826,2393.566,2176.4814453125,0
489,FF,FF_2024_WSCT0928.JPG,2778.3806,396.73273,2796.5823,2544.462,2147.806396484375,0
490,FF,FF_2024_WSCT0900.JPG,3216.0989,504.78503,3206.0364,2482.4397,1977.6802978515625,0
491,FF,FF_2024_WSCT0914.JPG,3253.232,469.223,3237.3604,2441.9275,1972.768310546875,0
492,FF,FF_2024_WSCT0727.JPG,3005.1624,275.53824,2984.3271,2706.2834,2430.83447265625,0
493,FF,FF_2024_WSCT0733.JPG,3151.5994,449.31412,3120.0183,2726.359,2277.263671875,0
494,FF,FF_2024_WSCT1149.JPG,2929.5554,542.3084,2957.562,2891.86,2349.71875,0
495,FF,FF_2024_WSCT1161.JPG,3149.179,408.6689,3150.6907,2720.3428,2311.67431640625,0
496,FF,FF_2024_WSCT1175.JPG,3145.7493,551.0125,3164.6035,2824.1091,2273.1748046875,0
497,FF,FF_2024_WSCT1029.JPG,3016.9268,533.61505,2992.989,2796.6467,2263.158447265625,0
498,FF,FF_2024_WSCT1015.JPG,2972.4004,377.7045,2970.5513,2727.8228,2350.118896484375,0
499,FF,FF_2024_WSCT1001.JPG,3044.0288,634.1164,3053.6943,2818.6323,2184.537353515625,0
500,FF,FF_2024_WSCT0848.JPG,2999.861,558.5141,3027.1597,2632.6191,2074.28466796875,0
501,FF,FF_2024_WSCT0690.JPG,2975.7563,458.0249,2973.8186,2807.1013,2349.0771484375,0
502,FF,FF_2024_WSCT0684.JPG,3229.1646,400.13202,3224.6184,2724.0923,2323.964599609375,0
503,FF,FF_2024_WSCT0874.JPG,2706.1978,264.64825,2724.7915,2375.7227,2111.15625,0
504,FF,FF_2024_WSCT0860.JPG,2761.5044,179.55804,2815.5898,2469.639,2290.719482421875,0
505,FF,FF_2024_WSCT0653.JPG,3260.3298,307.0126,3236.2327,2672.8135,2365.923583984375,0
506,FF,FF_2024_WSCT0647.JPG,3123.4543,464.23923,3075.0464,2620.1643,2156.468505859375,0
507,FF,FF_2024_WSCT1217.JPG,3103.7747,560.0215,3103.969,2849.554,2289.532470703125,0
508,FF,FF_2024_WSCT1203.JPG,3006.0479,663.80206,3044.5496,2930.2776,2266.802490234375,0
509,FF,FF_2024_WSCT1215.JPG,3283.4272,671.4137,3295.8782,2824.1594,2152.781494140625,0
510,FF,FF_2024_WSCT1201.JPG,3104.35,490.71866,3087.316,2740.5293,2249.875,0
511,FF,FF_2024_WSCT0679.JPG,2927.247,402.70398,2895.3691,2749.3074,2346.820068359375,0
512,FF,FF_2024_WSCT0889.JPG,2739.9617,301.1367,2746.2454,2427.01,2125.882568359375,0
513,FF,FF_2024_WSCT0651.JPG,3143.2617,236.15573,3133.591,2623.313,2387.1767578125,0
514,FF,FF_2024_WSCT1229.JPG,3153.9292,628.872,3170.4263,2945.217,2316.40380859375,0
515,FF,FF_2024_WSCT0645.JPG,3113.4622,331.5799,3092.0356,2692.1475,2360.664794921875,0
516,FF,FF_2024_WSCT0876.JPG,2688.847,343.2169,2716.0222,2421.21,2078.1708984375,0
517,FF,FF_2024_WSCT0862.JPG,2913.187,222.65193,2940.5088,2421.1355,2198.6533203125,0
518,FF,FF_2024_WSCT0692.JPG,3449.2456,674.0816,3451.9265,2088.508,1414.4290771484375,0
519,FF,FF_2024_WSCT0686.JPG,2840.2231,538.14526,2836.3425,2966.021,2427.87890625,0
520,FF,FF_2024_WSCT1017.JPG,2898.5544,585.48175,2927.2625,2818.7788,2233.481689453125,0
521,FF,FF_2024_WSCT1003.JPG,3043.3083,410.0096,3053.2595,2593.0144,2183.027587890625,0
522,FF,FF_2024_WSCT1163.JPG,3077.0046,342.50522,3029.1658,2643.054,2301.046142578125,0
523,FF,FF_2024_WSCT1177.JPG,2991.262,424.3192,2992.2354,2829.6533,2405.334228515625,0
524,FF,FF_2024_WSCT1188.JPG,3123.6885,417.54764,3075.6318,2677.2034,2260.166748046875,0
525,FF,FF_2024_WSCT0719.JPG,2988.2346,626.0783,2971.8162,2892.857,2266.838134765625,0
526,FF,FF_2024_WSCT0725.JPG,3012.7048,302.5262,3010.6404,2698.0276,2395.50244140625,0
527,FF,FF_2024_WSCT0731.JPG,3128.0615,723.065,3122.1462,2852.4077,2129.35107421875,0
528,FF,FF_2024_WSCT0902.JPG,3072.8567,559.43317,3085.2837,2545.4785,1986.084228515625,0
529,FF,FF_2024_WSCT0916.JPG,3134.3625,423.3827,3131.9568,2494.5063,2071.125,0
530,FF,FF_2024_WSCT0917.JPG,3011.7512,71.74367,3045.337,1034.6182,963.4600830078125,0
531,FF,FF_2024_WSCT0903.JPG,3148.8013,407.93124,3151.508,2481.8967,2073.96728515625,0
532,FF,FF_2024_WSCT0730.JPG,3141.0408,164.47633,3111.2043,2645.165,2480.8681640625,0
533,FF,FF_2024_WSCT0724.JPG,2836.5652,521.47345,2832.3455,2775.049,2253.57958984375,0
534,FF,FF_2024_WSCT0718.JPG,3388.6677,343.9954,3394.654,2655.9905,2312.0029296875,0
535,FF,FF_2024_WSCT1189.JPG,2843.1545,590.04315,2832.2778,2753.3057,2163.289794921875,0
536,FF,FF_2024_WSCT1176.JPG,2751.488,499.23035,2757.0452,2743.1396,2243.916015625,0
537,FF,FF_2024_WSCT1162.JPG,2940.4792,474.9276,2925.4343,2810.344,2335.46484375,0
538,FF,FF_2024_WSCT1002.JPG,2631.9912,559.1128,2679.188,2884.0198,2325.385986328125,0
539,FF,FF_2024_WSCT1016.JPG,2949.4822,508.36478,2967.3179,2735.9507,2227.6572265625,0
540,FF,FF_2024_WSCT0687.JPG,3280.0261,508.58813,3282.3938,2680.578,2171.990966796875,0
541,FF,FF_2024_WSCT0693.JPG,3484.5098,522.53503,3485.6843,2768.6074,2246.072509765625,0
542,FF,FF_2024_WSCT0863.JPG,3225.0618,526.64154,3238.5388,2440.8472,1914.2530517578125,0
543,FF,FF_2024_WSCT0877.JPG,2932.783,425.3376,2912.107,2390.786,1965.5570068359375,0
544,FF,FF_2024_WSCT0644.JPG,3087.3684,618.5232,3077.6067,2822.242,2203.740478515625,0
545,FF,FF_2024_WSCT0650.JPG,2981.062,476.961,2971.186,2536.1458,2059.20849609375,0
546,FF,FF_2024_WSCT0888.JPG,2722.3826,353.99506,2720.643,2478.334,2124.339599609375,0
547,FF,FF_2024_WSCT1228.JPG,2880.7747,359.18335,2850.065,2797.3406,2438.3505859375,0
548,FF,FF_2024_WSCT1200.JPG,3126.2363,573.1187,3122.296,2816.5684,2243.453125,0
549,FF,FF_2024_WSCT0678.JPG,3032.6387,507.55206,3012.6782,2806.2053,2298.739990234375,0
550,FF,FF_2024_WSCT1214.JPG,3022.581,729.618,3048.1753,2723.7563,1994.3026123046875,0
551,FF,FF_2024_WSCT0654.JPG,3306.3545,466.3016,3280.445,2780.9517,2314.795166015625,0
552,FF,FF_2024_WSCT0898.JPG,3104.5024,329.0727,3111.9868,2450.9238,2121.8642578125,0
553,FF,FF_2024_WSCT0640.JPG,3124.708,416.49576,3136.3528,2824.4907,2408.02294921875,0
554,FF,FF_2024_WSCT1238.JPG,2998.3708,637.2873,3014.4434,2911.2693,2274.038818359375,0
555,FF,FF_2024_WSCT1210.JPG,2931.1924,398.84558,2902.2854,2813.0151,2414.342529296875,0
556,FF,FF_2024_WSCT0668.JPG,3160.813,483.50104,3150.9688,2656.3013,2172.822509765625,0
557,FF,FF_2024_WSCT1204.JPG,2773.967,407.05435,2724.208,2850.748,2444.2001953125,0
558,FF,FF_2024_WSCT0697.JPG,3276.5623,408.7011,3259.161,2732.5042,2323.8681640625,0
559,FF,FF_2024_WSCT0683.JPG,3369.0994,603.0568,3369.7148,2215.11,1612.0533447265625,0
560,FF,FF_2024_WSCT0873.JPG,2690.745,135.22705,2637.3228,2284.0955,2149.532470703125,0
561,FF,FF_2024_WSCT0867.JPG,3056.346,396.27658,3069.781,2325.8464,1929.6165771484375,0
562,FF,FF_2024_WSCT1012.JPG,2997.6238,402.37103,2996.6428,2705.0652,2302.6943359375,0
563,FF,FF_2024_WSCT1006.JPG,3257.2366,453.3521,3258.7441,2764.8525,2311.5009765625,0
564,FF,FF_2024_WSCT1166.JPG,3169.366,448.24112,3188.1213,2794.7803,2346.614013671875,0
565,FF,FF_2024_WSCT1172.JPG,3276.8145,561.53186,3265.7058,2814.9836,2253.47900390625,0
566,FF,FF_2024_WSCT1199.JPG,2932.584,473.9749,2943.4675,2778.7092,2304.760009765625,0
567,FF,FF_2024_WSCT0720.JPG,3195.5078,524.632,3190.8245,2761.6804,2237.05322265625,0
568,FF,FF_2024_WSCT0734.JPG,2900.0898,722.6478,2914.12,2750.3208,2027.7215576171875,0
569,FF,FF_2024_WSCT0708.JPG,3177.8203,337.6784,3194.719,2756.7363,2419.116943359375,0
570,FF,FF_2024_WSCT0907.JPG,2917.153,445.5615,2918.2961,2480.0203,2034.4591064453125,0
571,FF,FF_2024_WSCT0913.JPG,3032.6846,387.1285,3016.136,2376.9282,1989.8685302734375,0
572,FF,FF_2024_WSCT0912.JPG,3129.9587,225.74446,3090.914,2353.889,2128.502685546875,0
573,FF,FF_2024_WSCT0906.JPG,2944.8489,383.5628,2928.515,2420.392,2036.8948974609375,0
574,FF,FF_2024_WSCT0709.JPG,3172.0708,413.27142,3132.9805,2800.9048,2387.953369140625,0
575,FF,FF_2024_WSCT0735.JPG,3008.1096,434.7302,3023.124,2774.8003,2340.1181640625,0
576,FF,FF_2024_WSCT0721.JPG,3604.2117,479.25378,3595.2585,2691.4268,2212.19091796875,0
577,FF,FF_2024_WSCT1198.JPG,3056.5803,351.17114,3001.0679,2712.159,2361.640380859375,0
578,FF,FF_2024_WSCT1173.JPG,3339.1533,394.74078,3319.0642,2700.5085,2305.855224609375,0
579,FF,FF_2024_WSCT1167.JPG,2879.6172,521.4118,2900.1646,2782.1528,2260.834228515625,0
580,FF,FF_2024_WSCT1007.JPG,3058.0789,618.66425,3113.858,2833.2847,2215.32275390625,0
581,FF,FF_2024_WSCT1013.JPG,2796.3052,522.0284,2832.2898,2866.985,2345.23291015625,0
582,FF,FF_2024_WSCT0866.JPG,2962.9082,482.07578,2988.644,2374.7798,1892.87890625,0
583,FF,FF_2024_WSCT0872.JPG,2845.6284,230.8587,2889.7312,2351.2607,2120.860595703125,0
584,FF,FF_2024_WSCT0682.JPG,3066.8918,324.79135,3061.2793,2735.7444,2410.959716796875,0
585,FF,FF_2024_WSCT0696.JPG,3165.4263,511.954,3152.3171,2845.8254,2333.908203125,0
586,FF,FF_2024_WSCT1205.JPG,3275.703,481.0206,3305.979,2665.1055,2184.294677734375,0
587,FF,FF_2024_WSCT1211.JPG,3053.5984,601.4685,3077.32,2884.9407,2283.595458984375,0
588,FF,FF_2024_WSCT0669.JPG,3473.0837,431.57532,3454.7422,2703.8342,2272.332763671875,0
589,FF,FF_2024_WSCT0641.JPG,2961.402,614.044,2947.4478,2915.1333,2301.131591796875,0
590,FF,FF_2024_WSCT0899.JPG,3126.9504,527.48517,3141.3862,2497.0918,1969.6595458984375,0
591,FF,FF_2024_WSCT1239.JPG,3078.8042,541.759,3079.8914,2829.3198,2287.56103515625,0
592,FF,FF_2024_WSCT0655.JPG,3153.283,566.2901,3166.2517,2874.1792,2307.925537109375,0
593,FF,FF_2024_WSCT0643.JPG,3151.785,508.25888,3140.5706,2842.8542,2334.622314453125,0
594,FF,FF_2024_WSCT0657.JPG,3128.3481,252.33159,3090.9604,2686.9211,2434.876708984375,0
595,FF,FF_2024_WSCT1207.JPG,2767.884,422.16846,2775.8364,2851.2517,2429.09619140625,0
596,FF,FF_2024_WSCT1213.JPG,2681.354,480.26633,2673.2532,2824.894,2344.6416015625,0
597,FF,FF_2024_WSCT0680.JPG,2966.8945,522.90125,2945.62,2806.832,2284.02978515625,0
598,FF,FF_2024_WSCT0858.JPG,2965.2517,217.60048,2990.683,2478.3752,2260.917724609375,0
599,FF,FF_2024_WSCT0694.JPG,3243.5796,498.53226,3279.107,2801.5554,2303.297119140625,0
600,FF,FF_2024_WSCT0864.JPG,3323.9873,503.21335,3325.4238,2382.22,1879.007080078125,0
601,FF,FF_2024_WSCT0870.JPG,3112.2964,171.13301,3107.0417,2277.193,2106.066650390625,0
602,FF,FF_2024_WSCT1039.JPG,3172.7512,407.9964,3156.8174,2771.2507,2363.30810546875,0
603,FF,FF_2024_WSCT1005.JPG,2958.2632,450.98572,2974.0417,2756.0696,2305.137939453125,0
604,FF,FF_2024_WSCT1011.JPG,2831.1416,538.23804,2853.2124,2823.9297,2285.798095703125,0
605,FF,FF_2024_WSCT1159.JPG,2886.5593,374.43344,2879.702,2742.464,2368.040771484375,0
606,FF,FF_2024_WSCT1171.JPG,3032.0835,604.2817,3002.4707,2785.8794,2181.798583984375,0
607,FF,FF_2024_WSCT1165.JPG,2830.3796,446.71606,2849.6365,2731.6892,2285.05419921875,0
608,FF,FF_2024_WSCT0737.JPG,3200.9094,485.8645,3211.465,2522.1904,2036.353271484375,0
609,FF,FF_2024_WSCT0723.JPG,2975.2297,427.31876,2961.1338,2758.3086,2331.032470703125,0
610,FF,FF_2024_WSCT0938.JPG,3213.394,236.01596,3226.622,1340.8097,1104.8729248046875,0
611,FF,FF_2024_WSCT0910.JPG,2870.804,418.53018,2863.2097,2477.825,2059.30859375,0
612,FF,FF_2024_WSCT0904.JPG,3106.707,489.1255,3091.2092,2432.5098,1943.446044921875,0
613,FF,FF_2024_WSCT0905.JPG,3363.803,573.26624,3370.3342,2412.6667,1839.412109375,0
614,FF,FF_2024_WSCT0911.JPG,3316.404,200.42097,3276.5142,2336.2078,2136.159423828125,0
615,FF,FF_2024_WSCT0939.JPG,3173.6187,399.3914,3139.368,2542.352,2143.234375,0
616,FF,FF_2024_WSCT0722.JPG,3064.4604,384.2199,3031.2224,2638.8213,2254.84619140625,0
617,FF,FF_2024_WSCT0736.JPG,2956.3784,556.1153,2991.31,2852.2183,2296.36865234375,0
618,FF,FF_2024_WSCT1164.JPG,3145.413,439.21875,3180.8376,2827.749,2388.79296875,0
619,FF,FF_2024_WSCT1170.JPG,2761.2727,436.98038,2761.7559,2791.5042,2354.523681640625,0
620,FF,FF_2024_WSCT1158.JPG,2761.1125,478.43677,2768.2646,2836.9255,2358.49951171875,0
621,FF,FF_2024_WSCT1010.JPG,3109.224,554.98834,3103.5647,2822.3582,2267.376953125,0
622,FF,FF_2024_WSCT1004.JPG,3131.9802,484.96057,3135.8303,2778.5195,2293.562255859375,0
623,FF,FF_2024_WSCT1038.JPG,3092.5447,686.3102,3088.9885,2858.6235,2172.31640625,0
624,FF,FF_2024_WSCT0871.JPG,2874.7302,274.59546,2852.2683,2370.7727,2096.297607421875,0
625,FF,FF_2024_WSCT0865.JPG,3330.036,380.07526,3331.3845,2339.1907,1959.115966796875,0
626,FF,FF_2024_WSCT0695.JPG,3109.238,606.79596,3106.0269,2880.5977,2273.803955078125,0
627,FF,FF_2024_WSCT0859.JPG,2853.2466,178.28867,2893.419,2509.647,2331.70458984375,0
628,FF,FF_2024_WSCT0681.JPG,3010.4426,495.07254,2985.7673,2814.2507,2319.3095703125,0
629,FF,FF_2024_WSCT1212.JPG,2838.7417,597.8375,2853.2646,2879.8745,2282.083251953125,0
630,FF,FF_2024_WSCT1206.JPG,3251.2021,649.9628,3215.324,2787.825,2138.1630859375,0
631,FF,FF_2024_WSCT0656.JPG,3256.214,433.02707,3232.6677,2756.1152,2323.20751953125,0
632,FF,FF_2024_WSCT0642.JPG,3024.3818,293.43756,3035.3237,2765.8843,2472.470947265625,0
